"DX Entity","Location","HASC","Reference","Park Name","First QSO Date","QSOs"
"China","Hainan","CN-HI","CN-0478","河南郑州高新区铁路旁森林步道 Regional Park","2024-02-26",3
"China","Jiangsu","CN-JS","CN-0437","江苏南京玄武湖公园 Park","2024-03-10",1
"China","Liaoning","CN-LN","CN-0026","南湖公园(NanHu park) Park","2023-09-30",1
"China","Liaoning","CN-LN","CN-0045","沈阳万柳塘公园 Park","2023-09-29",1
"China","Zhejiang","CN-ZJ","CN-0005","太湖Taihu Lake National Lakeshore","2023-03-29",2
"China","Zhejiang","CN-ZJ","CN-0106","浙江湖州-西山漾湿地公园 Wetland Reserve","2023-03-14",1
"Japan","Aichi","JP-AI","JP-0127","Hida-Kisogawa Quasi-National Park","2023-05-26",1
"Japan","Aichi","JP-AI","JP-0128","Aichi Kogen Quasi-National Park","2023-06-17",1
"Japan","Aichi","JP-AI","JP-0129","Mikawa Wan Quasi-National Park","2022-12-01",2
"Japan","Aichi","JP-AI","JP-1452","Atsumi Hanto Prefectural Nature Park","2024-05-05",1
"Japan","Aichi","JP-AI","JP-1453","Minami Chita Prefectural Nature Park","2023-12-31",3
"Japan","Aichi","JP-AI","JP-1454","Dando Kogen Prefectural Nature Park","2024-01-05",2
"Japan","Aichi","JP-AI","JP-1455","Furikusa Keikoku Prefectural Nature Park","2024-04-13",1
"Japan","Aichi","JP-AI","JP-1456","Hongusan Prefectural Nature Park","2024-01-06",1
"Japan","Aichi","JP-AI","JP-1458","Ishimakisan Tame Prefectural Nature Park","2024-05-05",1
"Japan","Aichi","JP-AI","JP-1459","Atsuta Jingu Prefectural Park","2023-05-27",2
"Japan","Aichi","JP-AI","JP-1460","Odaka Ryokuchi Prefectural Park","2023-05-27",6
"Japan","Aichi","JP-AI","JP-1463","Shinshiro General Prefectural Park","2024-01-07",1
"Japan","Aichi","JP-AI","JP-1464","Kisogawa Sobue Ryokuchi Prefectural Park","2023-12-29",1
"Japan","Aichi","JP-AI","JP-1465","Owari Koiki Ryokudo Prefectural Park","2023-03-24",1
"Japan","Aichi","JP-AI","JP-1466","Aichi Health Village Prefectural Park","2023-03-24",2
"Japan","Aichi","JP-AI","JP-1467","Makinogaike Greens Prefectural Park","2024-03-30",2
"Japan","Aichi","JP-AI","JP-1468","Higashi-mikawa Furusato Prefectural Park","2024-02-03",1
"Japan","Aichi","JP-AI","JP-1469","Expo 2005 Aichi Commemorative Prefectural Park","2023-06-17",1
"Japan","Aichi","JP-AI","JP-1470","Aburagafuchi Waterside Prefectural Park","2023-12-08",6
"Japan","Aichi","JP-AI","JP-1918","Aichiken ryokka center Prefectural Park","2023-06-17",2
"Japan","Aichi","JP-AI","JP-1919","Kainan Kodomonokuni Prefectural Park","2024-04-07",3
"Japan","Aichi","JP-AI","JP-1920","AichiYatomi Yachouen Prefectural Park","2024-02-04",2
"Japan","Aichi","JP-AI","JP-1921","Aichi KenminnoMori Prefectural Park","2024-07-27",1
"Japan","Aichi","JP-AI","JP-1923","Korogi Athletic Prefectural Park","2023-06-17",1
"Japan","Aichi","JP-AI","JP-1924","LAGUNA BEACH Prefectural Park","2024-02-12",1
"Japan","Aichi","JP-AI","JP-1925","Kaisho Forest Prefectural Park","2023-06-17",1
"Japan","Aichi","JP-AI","JP-1926","Aichi Education and Sports Foundation Prefectural Park","2023-03-12",1
"Japan","Akita","JP-AK","JP-0112","Chokai Quasi-National Park","2023-11-09",1
"Japan","Akita","JP-AK","JP-1060","Akita Shirakami Prefectural Nature Park","2023-04-09",1
"Japan","Akita","JP-AK","JP-1062","Kimimachi-zaka Prefectural Nature Park","2023-04-09",1
"Japan","Akita","JP-AK","JP-2055","Fureai Ryokuchi Prefectural Park","2023-04-09",1
"Japan","Aomori","JP-AO","JP-0007","Towada-Hachimantai National Park","2023-10-11",1
"Japan","Aomori","JP-AO","JP-0106","Shimokita Hanto Quasi-National Park","2024-09-08",1
"Japan","Aomori","JP-AO","JP-0107","Tsugaru Quasi-National Park","2024-04-14",1
"Japan","Aomori","JP-AO","JP-1025","Owani Ikarigaseki Onsenkyo Prefectural Nature Park","2024-04-02",1
"Japan","Aomori","JP-AO","JP-1029","Iwaki Kogen Prefectural Nature Park","2024-04-13",1
"Japan","Aomori","JP-AO","JP-2053","Aomori Prefectural Sport Prefectural Park","2023-05-13",1
"Japan","Chiba","JP-CH","JP-0116","Minami-Boso Quasi-National Park","2023-03-05",3
"Japan","Chiba","JP-CH","JP-1183","Kujukuri Prefectural Nature Park","2022-11-23",6
"Japan","Chiba","JP-CH","JP-1184","Inba Tega Prefectural Nature Park","2022-11-20",8
"Japan","Chiba","JP-CH","JP-1186","Mineoka Sankei Prefectural Nature Park","2024-02-12",1
"Japan","Chiba","JP-CH","JP-1187","Tomisan Prefectural Nature Park","2023-01-21",1
"Japan","Chiba","JP-CH","JP-1188","Otone Prefectural Nature Park","2022-12-09",2
"Japan","Chiba","JP-CH","JP-1189","Kasamori Tsurumai Prefectural Nature Park","2023-06-23",6
"Japan","Chiba","JP-CH","JP-1191","Aobanomori Prefectural Park","2023-06-10",2
"Japan","Chiba","JP-CH","JP-1192","Chiba Central Sports Center Prefectural Park","2024-05-12",1
"Japan","Chiba","JP-CH","JP-1193","Makuhari Seaside Prefectural Park","2023-02-11",3
"Japan","Chiba","JP-CH","JP-1194","Gyoda Prefectural Park","2024-09-08",1
"Japan","Chiba","JP-CH","JP-1195","Kashiwa no Ha Prefectural Park","2023-04-22",1
"Japan","Chiba","JP-CH","JP-1196","Teganuma Shizen Fureai Greenway Prefectural Park","2022-11-20",5
"Japan","Chiba","JP-CH","JP-1197","Inbanuma Prefectural Park","2023-02-11",1
"Japan","Chiba","JP-CH","JP-1198","Hokuso Hananooka Prefectural Park","2023-12-16",2
"Japan","Chiba","JP-CH","JP-1199","Hasunuma Seaside Prefectural Park","2023-04-07",1
"Japan","Chiba","JP-CH","JP-1200","Chosei no mori Prefectural Park","2024-05-04",1
"Japan","Chiba","JP-CH","JP-1201","Tateyama Sports Prefectural Park","2023-06-10",3
"Japan","Chiba","JP-CH","JP-1202","Futtsu Prefectural Park","2023-08-06",2
"Japan","Chiba","JP-CH","JP-1203","Yachiyo Prefectural Park","2023-03-26",4
"Japan","Chiba","JP-CH","JP-1900","Chiba Prefectural Funabashi Forest Prefectural Park","2023-03-05",4
"Japan","Chiba","JP-CH","JP-1901","Chiba Prefectural Tonosho Forest Prefectural Park","2024-02-24",1
"Japan","Chiba","JP-CH","JP-1902","Chiba Prefectural Uchiurayama Forest Prefectural Park","2024-09-01",1
"Japan","Chiba","JP-CH","JP-1903","Tateyama Wild Bird Sanctuary Prefectural Park","2023-12-24",1
"Japan","Chiba","JP-CH","JP-1904","Chiba Prefectural Seiwa Forest Prefectural Park","2023-12-03",2
"Japan","Chiba","JP-CH","JP-1905","Chiba Prefectural Otaki Forest Prefectural Park","2024-04-29",1
"Japan","Chiba","JP-CH","JP-1961","Chiba Port Prefectural Park","2023-06-26",5
"Japan","Chiba","JP-CH","JP-1962","Sodegaura Kaihin Prefectural Park","2023-06-23",3
"Japan","Chiba","JP-CH","JP-1963","Funabashi Port Shinsui Prefectural Park","2024-06-01",2
"Japan","Chiba","JP-CH","JP-1965","Shiohama Prefectural Park","2023-07-25",2
"Japan","Chiba","JP-CH","JP-1966","Futtsuminato Prefectural Park","2023-08-06",1
"Japan","Chiba","JP-CH","JP-1967","Naikou Prefectural Park","2024-06-01",1
"Japan","Chiba","JP-CH","JP-1970","Naaraiko Kaihin Prefectural Park","2023-03-29",3
"Japan","Chiba","JP-CH","JP-1971","Okitsuko Kaihin Prefectural Park","2023-03-05",1
"Japan","Ehime","JP-EH","JP-0025","Ashizuri-Uwakai National Park","2024-06-13",1
"Japan","Ehime","JP-EH","JP-1658","Hijikawa Prefectural Nature Park","2023-02-23",1
"Japan","Ehime","JP-EH","JP-1663","Nanyo Recreation Toshi Prefectural Park","2024-06-16",1
"Japan","Fukui","JP-FI","JP-0121","Echizen-Kaga Kaigan Quasi-National Park","2024-06-01",1
"Japan","Fukui","JP-FI","JP-1405","Okuetsu Kogen Prefectural Nature Park","2024-06-01",1
"Japan","Fukui","JP-FI","JP-1407","Fukui Shonen Undo Prefectural Park","2023-03-10",2
"Japan","Fukui","JP-FI","JP-1409","Echizen Togei Prefectural Park","2024-03-27",1
"Japan","Fukui","JP-FI","JP-1410","Fukui Toshi Ryokka Shokubutsuen Prefectural Park","2024-03-28",1
"Japan","Fukui","JP-FI","JP-1414","Tannan Sogo Prefectural Park","2024-09-11",1
"Japan","Fukui","JP-FI","JP-1415","Fukui Sogo Prefectural Park","2024-09-04",1
"Japan","Fukuoka","JP-FO","JP-0148","Genkai Quasi-National Park","2022-11-10",2
"Japan","Fukuoka","JP-FO","JP-1694","Dazaifu Prefectural Nature Park","2023-05-21",1
"Japan","Fukuoka","JP-FO","JP-1698","Sefuriraizan Prefectural Nature Park","2023-10-01",2
"Japan","Fukuoka","JP-FO","JP-1699","Higashi Prefectural Park","2024-02-24",1
"Japan","Fukuoka","JP-FO","JP-1705","Kasuga Prefectural Park","2023-04-15",1
"Japan","Fukushima","JP-FS","JP-0113","Echigo sanzan-Tadami Quasi-National Park","2024-06-16",1
"Japan","Fukushima","JP-FS","JP-1090","Nanko Prefectural Nature Park","2022-12-09",1
"Japan","Fukushima","JP-FS","JP-1091","Okukuji Prefectural Nature Park","2023-02-25",1
"Japan","Fukushima","JP-FS","JP-1097","Abukuma Kogen Chubu Prefectural Nature Park","2023-09-02",1
"Japan","Fukushima","JP-FS","JP-1098","Natsuigawa Keikoku Prefectural Nature Park","2024-04-28",1
"Japan","Fukushima","JP-FS","JP-1105","Aizu Recreation Prefectural Park","2023-04-30",1
"Japan","Fukushima","JP-FS","JP-1871","Showa-no-mori Prefectural Park","2023-04-30",1
"Japan","Gifu","JP-GF","JP-1418","Senbon Matsubara Prefectural Nature Park","2023-01-20",6
"Japan","Gifu","JP-GF","JP-1420","Okuhida Sugo Nagareha Prefectural Nature Park","2022-12-31",1
"Japan","Gifu","JP-GF","JP-1422","Enakyo Prefectural Nature Park","2024-01-01",1
"Japan","Gifu","JP-GF","JP-1425","Ibuki Prefectural Nature Park","2024-06-09",1
"Japan","Gifu","JP-GF","JP-1429","Nomugi Prefectural Nature Park","2024-04-29",1
"Japan","Gifu","JP-GF","JP-1435","GIFU WORLD ROSE GARDEN Prefectural Park","2024-03-27",1
"Japan","Gifu","JP-GF","JP-1437","Kakamigahara Prefectural Park","2024-02-24",1
"Japan","Gifu","JP-GF","JP-1439","Gifu Seiryu Satoyama Prefectural Park","2024-07-08",1
"Japan","Gunma","JP-GM","JP-0012","Joshinetsu Kogen National Park","2022-10-29",2
"Japan","Gunma","JP-GM","JP-0115","Myogi-Arafune-Saku Kogen Quasi-National Park","2023-01-16",3
"Japan","Gunma","JP-GM","JP-1318","Akagi Prefectural Park","2023-07-16",1
"Japan","Gunma","JP-GM","JP-1319","Haruna Prefectural Park","2023-09-15",1
"Japan","Gunma","JP-GM","JP-1320","Myogi Prefectural Park","2022-12-04",2
"Japan","Gunma","JP-GM","JP-1322","Gunma no Mori Prefectural Park","2024-05-19",1
"Japan","Gunma","JP-GM","JP-1323","Kanayama General Prefectural Park","2022-12-18",1
"Japan","Gunma","JP-GM","JP-1324","Kannonyama Family Prefectural Park","2024-05-19",1
"Japan","Gunma","JP-GM","JP-1325","Tataranuma Prefectural Park","2023-05-21",1
"Japan","Gunma","JP-GM","JP-1845","Ikaho Forest Prefectural Park","2023-01-14",3
"Japan","Gunma","JP-GM","JP-1846","Akagi Forest Prefectural Park","2023-02-19",2
"Japan","Gunma","JP-GM","JP-1847","Akagi Community Forest Prefectural Park","2023-03-11",1
"Japan","Gunma","JP-GM","JP-1848","Sakuranosato Forest Prefectural Park","2023-01-16",1
"Japan","Gunma","JP-GM","JP-1849","Sakurayama Forest Prefectural Park","2023-09-17",1
"Japan","Gunma","JP-GM","JP-1850","Mikabo Forest Prefectural Park","2023-10-14",1
"Japan","Gunma","JP-GM","JP-1851","Gunma Forest Park 21st Century Prefectural Park","2023-04-09",1
"Japan","Gunma","JP-GM","JP-1852","Gunma Insect World Forest Prefectural Park","2024-02-16",1
"Japan","Gunma","JP-GM","JP-1853","Gunma Flower Prefectural Park","2023-03-04",1
"Japan","Gunma","JP-GM","JP-1981","Gunma Ikoi-no-mori Prefectural Park","2023-04-01",1
"Japan","Hiroshima","JP-HS","JP-1620","Hiroshimaken Sogo Ground Prefectural Park","2023-03-14",2
"Japan","Hiroshima","JP-HS","JP-1622","Hiroshima Ryokka Shokubutsu Prefectural Park","2023-03-21",1
"Japan","Hiroshima","JP-HS","JP-1623","Sera Kenmin Prefectural Park","2022-12-16",1
"Japan","Hiroshima","JP-HS","JP-1625","Bingo Sports Prefectural Park","2022-12-28",1
"Japan","Hokkaido","JP-HK","JP-0001","Rishiri-Rebun-Sarobetsu National Park","2023-07-19",1
"Japan","Hokkaido","JP-HK","JP-0004","Kushiroshitsugen National Park","2023-06-22",1
"Japan","Hokkaido","JP-HK","JP-1002","Furano-Ashibetsu Prefectural Nature Park","2023-06-18",1
"Japan","Hokkaido","JP-HK","JP-1003","Hiyama Prefectural Nature Park","2023-07-12",1
"Japan","Hokkaido","JP-HK","JP-1005","Notsuke-Furen Prefectural Nature Park","2024-06-13",2
"Japan","Hokkaido","JP-HK","JP-1008","Nopporo Shinrin Kouen Prefectural Nature Park","2023-07-15",1
"Japan","Hokkaido","JP-HK","JP-1010","Shumarinai Prefectural Nature Park","2023-06-17",1
"Japan","Hokkaido","JP-HK","JP-1017","Okhotsk Sea Ice Prefectural Park","2024-06-11",1
"Japan","Hokkaido","JP-HK","JP-1019","Sunpillar Prefectural Park","2024-06-09",1
"Japan","Hyogo","JP-HG","JP-0022","San'inkaigan National Park","2024-07-28",1
"Japan","Hyogo","JP-HG","JP-1528","Takirenzan Prefectural Nature Park","2024-06-04",1
"Japan","Hyogo","JP-HG","JP-1530","Kiyomizu Tojoko Tachikui Prefectural Nature Park","2023-04-23",1
"Japan","Hyogo","JP-HG","JP-1536","Harima Chubu Kyuryo Prefectural Nature Park","2024-08-04",1
"Japan","Hyogo","JP-HG","JP-1540","Arima Fuji Prefectural Park","2023-03-16",1
"Japan","Hyogo","JP-HG","JP-1545","Takasago Seaside Prefectural Park","2024-07-28",1
"Japan","Hyogo","JP-HG","JP-1546","Kabutoyama Forest Prefectural Park","2024-02-10",1
"Japan","Hyogo","JP-HG","JP-1547","Mikiyama Forest Prefectural Park","2024-01-01",1
"Japan","Hyogo","JP-HG","JP-1551","Harima Central Prefectural Park","2023-07-02",1
"Japan","Hyogo","JP-HG","JP-1993","Takarazuka Nishitani no Mori Prefectural Park","2023-12-31",2
"Japan","Hyogo","JP-HG","JP-1994","Sasayama no Mori Prefectural Park","2024-06-08",1
"Japan","Hyogo","JP-HG","JP-1995","Tamba Namikimichi Chuo Prefectural Park","2024-06-21",1
"Japan","Hyogo","JP-HG","JP-1997","Miki Sogo Bosai Prefectural Park","2023-12-17",2
"Japan","Hyogo","JP-HG","JP-2001","Yashiro Forest Prefectural Park","2023-12-03",1
"Japan","Hyogo","JP-HG","JP-2090","Maruyamagawa Prefectural Park","2024-07-28",1
"Japan","Ibaraki","JP-IB","JP-0114","Suigo-Tsukuba Quasi-National Park","2021-11-08",26
"Japan","Ibaraki","JP-IB","JP-0203","Hitachi Seaside National Government Park","2022-12-26",1
"Japan","Ibaraki","JP-IB","JP-1107","Takasuzu Prefectural Nature Park","2023-02-18",1
"Japan","Ibaraki","JP-IB","JP-1110","Oarai Prefectural Prefectural Nature Park","2022-12-19",1
"Japan","Ibaraki","JP-IB","JP-1114","Kasama Prefectural Nature Park","2023-02-25",1
"Japan","Ibaraki","JP-IB","JP-1117","Oarai Prefectural Park","2022-12-19",1
"Japan","Ibaraki","JP-IB","JP-1120","Kashimanada Sea Side Prefectural Park","2023-11-10",1
"Japan","Ibaraki","JP-IB","JP-1122","Doho Prefectural Park","2024-02-19",1
"Japan","Ibaraki","JP-IB","JP-1123","Sanuma Koiki Prefectural Park","2024-06-12",1
"Japan","Ibaraki","JP-IB","JP-1124","Kensei Sogo Prefectural Park","2024-01-09",2
"Japan","Ibaraki","JP-IB","JP-1126","Horihara Sports Prefectural Park","2024-01-20",1
"Japan","Ibaraki","JP-IB","JP-1950","Ibaraki Prefectural Suigo Forest Prefectural Park","2022-12-09",3
"Japan","Ibaraki","JP-IB","JP-1976","Kitauragawa Ryokuchi Prefectural Park","2023-03-30",1
"Japan","Ibaraki","JP-IB","JP-1979","Kasumigaura Comprehensive Prefectural Park","2023-04-09",1
"Japan","Ibaraki","JP-IB","JP-1980","Ibaraki Airport Prefectural Park","2023-03-26",2
"Japan","Ishikawa","JP-IS","JP-0120","Noto Hanto Quasi-National Park","2023-11-27",1
"Japan","Ishikawa","JP-IS","JP-1385","Goishigamine Prefectural Nature Park","2023-12-12",1
"Japan","Ishikawa","JP-IS","JP-1387","Iozen Prefectural Nature Park","2024-03-08",1
"Japan","Ishikawa","JP-IS","JP-1388","Kenmin Kaihin Prefectural Park","2023-06-12",1
"Japan","Ishikawa","JP-IS","JP-1389","Kibagata Prefectural Park","2022-11-19",1
"Japan","Ishikawa","JP-IS","JP-1391","Noto Rekishi Prefectural Park","2022-11-27",1
"Japan","Ishikawa","JP-IS","JP-1392","Hokubu Prefectural Park","2023-10-17",1
"Japan","Ishikawa","JP-IS","JP-1394","Okuutatsuyama Kenmin Prefectural Park","2023-12-13",1
"Japan","Ishikawa","JP-IS","JP-1395","Awazu Prefectural Park","2023-11-29",1
"Japan","Ishikawa","JP-IS","JP-1397","Seibu Ryokuchi Prefectural Park","2023-06-26",4
"Japan","Ishikawa","JP-IS","JP-1398","Tedori Prefectural Park","2023-11-10",1
"Japan","Ishikawa","JP-IS","JP-2005","Ishikawa Prefectural Forest Prefectural Park","2023-11-14",1
"Japan","Ishikawa","JP-IS","JP-2006","Konan Sports Prefectural Park","2023-11-01",1
"Japan","Ishikawa","JP-IS","JP-2007","Notojima Seaside Prefectural Park","2023-12-06",1
"Japan","Ishikawa","JP-IS","JP-2008","Yuuhidera Kenmin Nature Garden Prefectural Park","2023-12-14",1
"Japan","Ishikawa","JP-IS","JP-2084","Biwan Prefectural Park","2023-10-10",1
"Japan","Iwate","JP-IW","JP-1038","Goyozan Prefectural Nature Park","2023-05-27",3
"Japan","Iwate","JP-IW","JP-1889","Ohokuboyama Forest Prefectural Park","2023-05-27",1
"Japan","Iwate","JP-IW","JP-1891","Takatamatsubara Memorial Prefectural Park","2024-04-05",1
"Japan","Kagawa","JP-KG","JP-1648","Mannoike Prefectural Park","2024-05-01",1
"Japan","Kagawa","JP-KG","JP-1649","Kinbuchi Forest Prefectural Park","2023-10-19",1
"Japan","Kagawa","JP-KG","JP-2041","Donguri Land Prefectural Park","2023-10-19",1
"Japan","Kagawa","JP-KG","JP-2042","Sanuki Kodomonokuni Prefectural Park","2023-10-19",1
"Japan","Kagawa","JP-KG","JP-2044","Setoohashi kinenkouen Prefectural Park","2023-05-28",1
"Japan","Kagoshima","JP-KS","JP-0154","Nichinan Kaigan Quasi-National Park","2023-03-19",3
"Japan","Kagoshima","JP-KS","JP-1761","Fukiagehama Kinpozan Prefectural Nature Park","2024-08-24",1
"Japan","Kagoshima","JP-KS","JP-1765","Takakumayama Prefectural Nature Park","2023-07-09",1
"Japan","Kagoshima","JP-KS","JP-1769","Taniyama Ryokuchi Prefectural Park","2024-05-13",1
"Japan","Kagoshima","JP-KS","JP-1772","Fukiagehama Kaihin Prefectural Park","2024-08-24",1
"Japan","Kanagawa","JP-KN","JP-0118","Tanzawa-Oyama Quasi-National Park","2022-11-18",3
"Japan","Kanagawa","JP-KN","JP-1289","Tanzawa Oyama Prefectural Nature Park","2022-11-18",10
"Japan","Kanagawa","JP-KN","JP-1290","Jinba Sagamiko Prefectural Nature Park","2022-12-26",2
"Japan","Kanagawa","JP-KN","JP-1291","Oku Yugawara Prefectural Nature Park","2024-03-19",1
"Japan","Kanagawa","JP-KN","JP-1292","Manazuru Hanto Prefectural Nature Park","2023-04-02",1
"Japan","Kanagawa","JP-KN","JP-1293","Odawara Suwanohara Prefectural Park","2022-12-17",1
"Japan","Kanagawa","JP-KN","JP-1294","Hayama Sangaokayama Prefectural Park","2022-12-30",3
"Japan","Kanagawa","JP-KN","JP-1295","Hayama Prefectural Park","2022-12-29",1
"Japan","Kanagawa","JP-KN","JP-1296","Onshi Hakone Prefectural Park","2023-12-13",1
"Japan","Kanagawa","JP-KN","JP-1297","Oiso Joyama Prefectural Park","2022-12-28",1
"Japan","Kanagawa","JP-KN","JP-1298","Jogashima Prefectural Park","2023-05-05",3
"Japan","Kanagawa","JP-KN","JP-1299","Zama Yatoyama Prefectural Park","2023-01-09",10
"Japan","Kanagawa","JP-KN","JP-1300","Sagami Sansen Prefectural Park","2023-02-19",7
"Japan","Kanagawa","JP-KN","JP-1301","Nanasawa Shinrin Prefectural Park","2022-11-26",2
"Japan","Kanagawa","JP-KN","JP-1303","Tsukayama Prefectural Park","2023-01-08",1
"Japan","Kanagawa","JP-KN","JP-1304","Hodogaya Prefectural Park","2023-08-06",2
"Japan","Kanagawa","JP-KN","JP-1305","Sagamiko Prefectural Park","2022-12-26",2
"Japan","Kanagawa","JP-KN","JP-1306","Higashitakane Shinrin Prefectural Park","2023-03-03",7
"Japan","Kanagawa","JP-KN","JP-1307","Shikinomori Prefectural Park","2023-11-12",2
"Japan","Kanagawa","JP-KN","JP-1308","Aikawa Prefectural Park","2022-06-05",5
"Japan","Kanagawa","JP-KN","JP-1309","Hadano Tokawa Prefectural Park","2023-04-09",1
"Japan","Kanagawa","JP-KN","JP-1310","Chigasaki Satoyama Prefectural Park","2023-01-09",8
"Japan","Kanagawa","JP-KN","JP-1311","Shonan Kaigan Prefectural Park","2023-10-09",2
"Japan","Kanagawa","JP-KN","JP-1312","Kannonzaki Prefectural Park","2023-03-09",2
"Japan","Kanagawa","JP-KN","JP-1313","Tsukuiko Shiroyama Prefectural Park","2022-12-04",10
"Japan","Kanagawa","JP-KN","JP-1314","Tsujido Kaihin Prefectural Park","2022-11-20",4
"Japan","Kanagawa","JP-KN","JP-1315","Sagamihara Prefectural Park","2023-04-08",25
"Japan","Kanagawa","JP-KN","JP-1316","Sakaigawa Yusuichi Prefectural Park","2023-08-27",6
"Japan","Kanagawa","JP-KN","JP-1317","Mitsuike Prefectural Park","2023-05-13",2
"Japan","Kanagawa","JP-KN","JP-1790","Isehara Tounoyama Prefectural Park","2024-01-04",1
"Japan","Kanagawa","JP-KN","JP-1791","Yamakita Tsuburano Prefectural Park","2022-12-10",1
"Japan","Kanagawa","JP-KN","JP-1856","Shinohara Garden Prefectural Park","2024-08-17",2
"Japan","Kochi","JP-KC","JP-1673","Susakiwan Prefectural Nature Park","2023-07-08",1
"Japan","Kyoto","JP-KY","JP-0122","Wakasa Wan Quasi-National Park","2024-06-16",1
"Japan","Kyoto","JP-KY","JP-0134","Kyoto Tamba Kogen Quasi-National Park","2024-05-26",1
"Japan","Kyoto","JP-KY","JP-1492","Rurikei Prefectural Nature Park","2024-06-02",2
"Japan","Kyoto","JP-KY","JP-1495","Arashiyama Prefectural Park","2022-12-19",1
"Japan","Kyoto","JP-KY","JP-1497","Kamogawa Prefectural Park","2023-03-08",1
"Japan","Kyoto","JP-KY","JP-1498","Fushimiko Prefectural Park","2024-05-25",2
"Japan","Kyoto","JP-KY","JP-1503","Tango Eco-Future Prefectural Park","2024-07-06",1
"Japan","Kyoto","JP-KY","JP-1506","Tamba Prefectural Park","2024-07-31",2
"Japan","Mie","JP-ME","JP-0020","Ise-Shima National Park","2023-12-23",1
"Japan","Mie","JP-ME","JP-0209","Kiso Sansen National Government Park","2023-03-03",7
"Japan","Mie","JP-ME","JP-1471","Suigo Prefectural Nature Park","2023-02-10",4
"Japan","Mie","JP-ME","JP-1472","Ise no Umi Prefectural Nature Park","2024-07-27",1
"Japan","Mie","JP-ME","JP-1476","Hokusei Central Prefectural Park","2022-12-01",2
"Japan","Mie","JP-ME","JP-1477","Suzuka Seishonen no Mori Prefectural Park","2022-12-01",2
"Japan","Mie","JP-ME","JP-1478","Kameyama Sunshine Prefectural Park","2022-11-30",2
"Japan","Mie","JP-ME","JP-1937","Forest Park Of Mie Prefectural Park","2023-03-25",1
"Japan","Miyagi","JP-MG","JP-0008","Sanriku Fukko National Park","2023-01-14",9
"Japan","Miyagi","JP-MG","JP-1044","Zao Kogen Prefectural Nature Park","2022-12-17",2
"Japan","Miyagi","JP-MG","JP-1047","Funagatarenpo Prefectural Nature Park","2022-11-19",2
"Japan","Miyagi","JP-MG","JP-1050","Kenjosan Mangokuura Prefectural Nature Park","2023-04-01",1
"Japan","Miyagi","JP-MG","JP-1051","Kesennuma Prefectural Nature Park","2023-01-14",1
"Japan","Miyagi","JP-MG","JP-1055","Yamoto Kaihin Ryokuchi Prefectural Park","2023-04-01",1
"Japan","Miyagi","JP-MG","JP-1934","komorebi no Mori Prefectural Park","2023-04-30",1
"Japan","Miyazaki","JP-MZ","JP-0029","Kirishima-Kinkowan National Park","2023-04-22",2
"Japan","Miyazaki","JP-MZ","JP-0152","Nippo Kaigan Quasi-National Park","2023-11-18",1
"Japan","Miyazaki","JP-MZ","JP-1750","Osuzu Prefectural Nature Park","2023-11-18",1
"Japan","Miyazaki","JP-MZ","JP-1752","Mochio Sekinoo Prefectural Nature Park","2023-02-19",1
"Japan","Miyazaki","JP-MZ","JP-1753","Wanitsuka Prefectural Nature Park","2023-04-01",1
"Japan","Miyazaki","JP-MZ","JP-1756","Sogo Bunka Prefectural Park","2024-01-06",1
"Japan","Miyazaki","JP-MZ","JP-1757","Miyazaki Prefectural Comprehensive Sports Prefectural Park","2024-03-15",2
"Japan","Miyazaki","JP-MZ","JP-2019","Miyazaki Seaside Prefectural Park","2024-01-13",1
"Japan","Miyazaki","JP-MZ","JP-2022","Kawaminami Yugaku no Mori National Park","2023-11-18",1
"Japan","Miyazaki","JP-MZ","JP-2023","Hinamoridai Kenmin Fureai no Mori Prefectural Park","2023-04-22",1
"Japan","Nagano","JP-NN","JP-0013","Myoko-Togakushi renzan National Park","2022-11-26",2
"Japan","Nagano","JP-NN","JP-0123","Yatsugatake-Chushin Kogen Quasi-National Park","2022-11-18",15
"Japan","Nagano","JP-NN","JP-0124","Chuo Alps Quasi-National Park","2024-05-05",1
"Japan","Nagano","JP-NN","JP-0208","Alps Azumino National Government Park","2022-11-18",2
"Japan","Nagano","JP-NN","JP-1336","Mibugawa Suikei Prefectural Nature Park","2023-12-28",2
"Japan","Nagano","JP-NN","JP-1337","Enrei Ojo Prefectural Nature Park","2022-11-12",9
"Japan","Nagano","JP-NN","JP-1340","Karasugawa Keikoku Ryokuchi Prefectural Park","2022-11-18",1
"Japan","Nagano","JP-NN","JP-1341","Matsumotodaira Koiki Prefectural Park","2023-02-26",4
"Japan","Nagano","JP-NN","JP-1342","Minami Shinshu Koiki Prefectural Park","2024-04-21",1
"Japan","Nagano","JP-NN","JP-1347","Nagano Sports Prefectural Park","2023-05-14",4
"Japan","Nagano","JP-NN","JP-1844","Kazakoshi Prefectural Park","2023-11-11",1
"Japan","Nagasaki","JP-NS","JP-0150","Iki-Tsushima Quasi-National Park","2023-07-26",1
"Japan","Nara","JP-NR","JP-0021","Yoshino-Kumano National Park","2022-11-19",1
"Japan","Nara","JP-NR","JP-0131","Muro-Akame-Aoyama Quasi-National Park","2022-12-18",2
"Japan","Nara","JP-NR","JP-0213","Asuka Historical National Government Park","2023-01-08",2
"Japan","Nara","JP-NR","JP-1556","Yoshinogawa Tsuburo Prefectural Nature Park","2023-02-14",5
"Japan","Niigata","JP-NI","JP-0119","Sado-Yahiko-Yoneyama Quasi-National Park","2024-03-09",1
"Japan","Niigata","JP-NI","JP-1353","Okuhayade Awa Sumon Prefectural Nature Park","2024-07-06",1
"Japan","Niigata","JP-NI","JP-1359","Oyashirazu Koshirazu Prefectural Nature Park","2024-06-02",1
"Japan","Niigata","JP-NI","JP-1365","Seiro Ryokuchi Prefectural Park","2024-02-11",1
"Japan","Niigata","JP-NI","JP-1366","Niigata Prefectural Botanical Garden Prefectural Park","2023-04-16",2
"Japan","Niigata","JP-NI","JP-1894","Hibiki-no mori Prefectural Park","2023-12-16",1
"Japan","Oita","JP-OT","JP-0028","Aso-Kuju National Park","2023-03-11",2
"Japan","Oita","JP-OT","JP-1741","Kunisaki Hanto Prefectural Nature Park","2023-06-24",1
"Japan","Okayama","JP-OY","JP-1612","Kurashiki Sports Prefectural Park","2023-02-22",1
"Japan","Okinawa","JP-ON","JP-0034","Iriomote-Ishigaki National Park","2024-02-16",1
"Japan","Okinawa","JP-ON","JP-0156","Okinawa Kaigan Quasi-National Park","2023-02-18",1
"Japan","Okinawa","JP-ON","JP-1782","Okinawa Comprehensive Athletic Prefectural Park","2023-02-17",1
"Japan","Okinawa","JP-ON","JP-1783","Nago Chuo Prefectural Park","2023-02-18",2
"Japan","Osaka","JP-OS","JP-0136","Kongo-Ikoma-Kisen Quasi-National Park","2023-02-25",5
"Japan","Osaka","JP-OS","JP-1511","Hiraoka Prefectural Park","2023-02-25",1
"Japan","Osaka","JP-OS","JP-1513","Oizumi Ryokuchi Prefectural Park","2022-12-10",2
"Japan","Osaka","JP-OS","JP-1517","Sennan Satoumi Prefectural Park","2023-03-03",2
"Japan","Osaka","JP-OS","JP-1518","Yamadaike Prefectural Park","2022-12-02",1
"Japan","Osaka","JP-OS","JP-1522","Suminoe Prefectural Park","2023-11-20",1
"Japan","Osaka","JP-OS","JP-1886","Expo '70 Commemorative Prefectural Park","2024-02-28",1
"Japan","Osaka","JP-OS","JP-1952","Fumin-no-mori Kurondo Enchi Prefectural Park","2023-03-21",1
"Japan","Osaka","JP-OS","JP-1953","Fumin-no-mori Hoshida Enchi Prefectural Park","2024-05-18",1
"Japan","Saga","JP-SG","JP-1714","Yoshinogari Historical Prefectural Park","2024-02-04",1
"Japan","Saitama","JP-ST","JP-0204","Musashi-Kyuryo National Government Park","2024-07-27",1
"Japan","Saitama","JP-ST","JP-1145","Sayama Prefectural Nature Park","2022-05-08",46
"Japan","Saitama","JP-ST","JP-1146","Okumusashi Prefectural Nature Park","2022-03-14",67
"Japan","Saitama","JP-ST","JP-1147","Kuroyama Prefectural Nature Park","2022-03-13",59
"Japan","Saitama","JP-ST","JP-1148","Nagatoro Tamayodo Prefectural Nature Park","2022-08-20",18
"Japan","Saitama","JP-ST","JP-1149","Hikikyuryo Prefectural Nature Park","2023-01-15",12
"Japan","Saitama","JP-ST","JP-1150","Jobu Prefectural Nature Park","2024-08-11",2
"Japan","Saitama","JP-ST","JP-1151","Buko Prefectural Nature Park","2022-08-27",12
"Japan","Saitama","JP-ST","JP-1152","Angyo Bunan Prefectural Nature Park","2023-01-09",17
"Japan","Saitama","JP-ST","JP-1153","Ryogami Prefectural Nature Park","2023-08-05",1
"Japan","Saitama","JP-ST","JP-1154","Nishichichibu Prefectural Nature Park","2022-11-19",3
"Japan","Saitama","JP-ST","JP-1155","Kitaurawa Prefectural Park","2023-06-07",1
"Japan","Saitama","JP-ST","JP-1156","Saitama Stadium 2002 Prefectural Park","2024-02-04",1
"Japan","Saitama","JP-ST","JP-1157","Akigase Prefectural Park","2022-10-29",42
"Japan","Saitama","JP-ST","JP-1158","Omiya Prefectural Park","2022-12-11",10
"Japan","Saitama","JP-ST","JP-1159","Shirakobato Suijo Prefectural Park","2024-04-27",1
"Japan","Saitama","JP-ST","JP-1160","Ageo Undo Prefectural Park","2024-04-29",11
"Japan","Saitama","JP-ST","JP-1162","Kumagaya Sports & Culture Prefectural Park","2022-11-13",3
"Japan","Saitama","JP-ST","JP-1163","Yoshimi Athletic Prefectural Park","2022-11-09",3
"Japan","Saitama","JP-ST","JP-1164","Saitama Prefectural Forest Prefectural Park","2022-07-07",5
"Japan","Saitama","JP-ST","JP-1165","Wako Jurin Prefectural Park","2022-05-02",37
"Japan","Saitama","JP-ST","JP-1166","Sainomori Iruma Prefectural Park","2023-10-01",3
"Japan","Saitama","JP-ST","JP-1167","Kazo Hanasaki Prefectural Park","2024-06-09",2
"Japan","Saitama","JP-ST","JP-1168","Matsubushi Midorinooka Prefectural Park","2023-11-23",1
"Japan","Saitama","JP-ST","JP-1169","Hanyu Suigo Prefectural Park","2024-06-22",2
"Japan","Saitama","JP-ST","JP-1170","Gongendo Prefectural Park","2024-09-09",2
"Japan","Saitama","JP-ST","JP-1171","Kukisyobu Prefectural Park","2022-12-25",5
"Japan","Saitama","JP-ST","JP-1172","Yoshikawa Prefectural Park","2024-02-24",3
"Japan","Saitama","JP-ST","JP-1173","Misato Prefectural Park","2023-04-22",2
"Japan","Saitama","JP-ST","JP-1174","Kawagoe Prefectural Park","2023-04-02",5
"Japan","Saitama","JP-ST","JP-1175","Kodomo Dobutsu Prefectural Park","2023-10-14",2
"Japan","Saitama","JP-ST","JP-1176","Kitamoto Shizen Kansatsu Prefectural Park","2022-12-30",3
"Japan","Saitama","JP-ST","JP-1177","Arakawa Oaso Prefectural Park","2024-01-09",1
"Japan","Saitama","JP-ST","JP-1178","Sakitama Kofun Prefectural Park","2023-01-22",3
"Japan","Saitama","JP-ST","JP-1179","Toda Prefectural Park","2023-08-26",7
"Japan","Saitama","JP-ST","JP-1180","Tokorozawa Aviation Memorial Prefectural Park","2022-02-26",319
"Japan","Saitama","JP-ST","JP-1181","Sayama Inariyama Prefectural Park","2023-03-19",2
"Japan","Saitama","JP-ST","JP-1834","Chichibu Muse Prefectural Park","2022-11-20",4
"Japan","Saitama","JP-ST","JP-1835","Niiza Greenway Prefectural Park","2023-03-04",19
"Japan","Saitama","JP-ST","JP-1837","Sakitama Greenway Prefectural Park","2022-12-17",6
"Japan","Saitama","JP-ST","JP-1838","Hananosato Greenway Prefectural Park","2022-12-17",3
"Japan","Saitama","JP-ST","JP-1839","Akigase Greenway Prefectural Park","2023-10-15",7
"Japan","Saitama","JP-ST","JP-1840","Omiya Daini Prefectural Park","2022-11-23",1
"Japan","Saitama","JP-ST","JP-1841","Omiya Daisan Prefectural Park","2022-11-06",5
"Japan","Saitama","JP-ST","JP-1842","Saitama Prefectural Citizens Health and Welfare Village Prefectural Park","2023-07-02",2
"Japan","Saitama","JP-ST","JP-1843","Saitamaken Agricultual and Forestry Prefectural Park","2023-02-23",1
"Japan","Saitama","JP-ST","JP-1857","Midorinomura Agricultual and Forestry Prefectural Park","2022-11-19",3
"Japan","Saitama","JP-ST","JP-1858","Saino-Kuni Fureai Forest Prefectural Park","2024-06-14",1
"Japan","Saitama","JP-ST","JP-1899","Kasukabe Yumeno-mori Prefectural Park","2024-02-15",2
"Japan","Shiga","JP-SH","JP-0132","Biwako Quasi-National Park","2022-12-01",2
"Japan","Shiga","JP-SH","JP-1483","Mikami Tanakami Shigaraki Prefectural Nature Park","2024-04-13",1
"Japan","Shiga","JP-SH","JP-1484","Kutsuki Katsuragawa Prefectural Nature Park","2024-01-13",1
"Japan","Shiga","JP-SH","JP-1488","Okubiwa Sports no Mori Prefectural Park","2024-04-28",1
"Japan","Shiga","JP-SH","JP-1489","Kogan Ryokuchi Prefectural Park","2023-11-19",1
"Japan","Shiga","JP-SH","JP-1490","Kasugayama Prefectural Park","2023-09-30",1
"Japan","Shiga","JP-SH","JP-1491","Biwako Chikyu Shimin no Mori Prefectural Park","2024-01-21",1
"Japan","Shiga","JP-SH","JP-2025","The Shigaraki Ceramic Cultural Prefectural Park","2023-03-25",1
"Japan","Shiga","JP-SH","JP-2026","Biwako Kodomonokuni Prefectural Park","2024-04-13",1
"Japan","Shiga","JP-SH","JP-2027","Shiga Prefecture Kibougaoka Cultural Prefectural Park","2024-04-13",1
"Japan","Shimane","JP-SM","JP-1594","Gokawa Suikei Prefectural Nature Park","2023-12-08",1
"Japan","Shimane","JP-SM","JP-1599","Aonoyama Prefectural Nature Park","2022-11-30",1
"Japan","Shizuoka","JP-SZ","JP-0016","Fuji-Hakone-Izu National Park","2023-03-12",25
"Japan","Shizuoka","JP-SZ","JP-0125","Tenryu-Okumikawa Quasi-National Park","2023-01-21",2
"Japan","Shizuoka","JP-SZ","JP-1440","Nihondaira Prefectural Nature Park","2023-02-23",15
"Japan","Shizuoka","JP-SZ","JP-1441","Okuoi Prefectural Nature Park","2023-02-18",3
"Japan","Shizuoka","JP-SZ","JP-1442","Omaezaki Enshunada Prefectural Nature Park","2023-04-23",4
"Japan","Shizuoka","JP-SZ","JP-1443","Hamanako Prefectural Nature Park","2023-02-23",1
"Japan","Shizuoka","JP-SZ","JP-1444","Ashitaka Koiki Prefectural Park","2023-12-19",1
"Japan","Shizuoka","JP-SZ","JP-1445","Mt. Fuji Children's World Prefectural Park","2024-06-16",1
"Japan","Shizuoka","JP-SZ","JP-1446","Yoshida Prefectural Park","2023-03-11",5
"Japan","Shizuoka","JP-SZ","JP-1447","Enshunada Seashore Prefectural Park","2024-01-20",1
"Japan","Shizuoka","JP-SZ","JP-1448","Hamanako Garden Prefectural Park","2023-02-23",1
"Japan","Shizuoka","JP-SZ","JP-1449","Shizuoka Pre. Forest Prefectural Park","2023-01-21",1
"Japan","Shizuoka","JP-SZ","JP-1450","Kusanagi Sports Complex Prefectural Park","2023-09-25",1
"Japan","Shizuoka","JP-SZ","JP-1451","Ogasayama Sports Prefectural Park","2023-12-09",2
"Japan","Shizuoka","JP-SZ","JP-1982","Shizuoka Performing Arts Prefectural Park","2023-06-07",4
"Japan","Shizuoka","JP-SZ","JP-1983","Shizuoka Prefectural Public Forest Prefectural Park","2024-01-06",1
"Japan","Tochigi","JP-TC","JP-0010","Nikko National Park","2022-08-17",9
"Japan","Tochigi","JP-TC","JP-1128","Mae Nikko Prefectural Nature Park","2024-01-08",2
"Japan","Tochigi","JP-TC","JP-1129","Yamizo Prefectural Nature Park","2024-03-05",1
"Japan","Tochigi","JP-TC","JP-1130","Nakagawa Prefectural Nature Park","2023-11-02",1
"Japan","Tochigi","JP-TC","JP-1131","Mashiko Prefectural Nature Park","2023-02-25",1
"Japan","Tochigi","JP-TC","JP-1132","Ohirasan Prefectural Nature Park","2023-06-04",2
"Japan","Tochigi","JP-TC","JP-1133","Karasawayama Prefectural Nature Park","2022-12-18",1
"Japan","Tochigi","JP-TC","JP-1134","Ashikaga Prefectural Nature Park","2022-11-27",8
"Japan","Tochigi","JP-TC","JP-1135","Utsunomiya Prefectural Nature Park","2024-01-07",2
"Japan","Tochigi","JP-TC","JP-1136","Tochigi Sports Prefectural Park","2022-12-09",1
"Japan","Tochigi","JP-TC","JP-1138","Kinu Green Prefectural Park","2023-03-09",1
"Japan","Tochigi","JP-TC","JP-1140","Nasunogahara Prefectural Park","2023-02-16",1
"Japan","Tochigi","JP-TC","JP-1141","Mikamoyama Prefectural Park","2023-12-18",1
"Japan","Tochigi","JP-TC","JP-1143","Nikko Daiyagawa Prefectural Park","2023-03-08",1
"Japan","Tochigi","JP-TC","JP-1859","Tochigi Prefectual Forest Prefectural Park","2024-07-06",1
"Japan","Tochigi","JP-TC","JP-1860","Italian Embassy Villa Memorial Prefectural Park","2024-07-21",1
"Japan","Tokushima","JP-TS","JP-1639","Higashisankei Prefectural Nature Park","2023-11-22",1
"Japan","Tokushima","JP-TS","JP-1643","Kamiyama Shinrin Prefectural Park","2023-11-20",1
"Japan","Tokushima","JP-TS","JP-1645","Naruto Sogo Undo Prefectural Park","2024-04-28",2
"Japan","Tokushima","JP-TS","JP-2029","Hinomine Omiko Regional Prefectural Park","2023-04-04",1
"Japan","Tokushima","JP-TS","JP-2032","Tokushima Prefectural Sanagouchi Ikimonofureainosato Prefectural Park","2023-11-22",1
"Japan","Tokushima","JP-TS","JP-2036","Tokushima Prefectural Dejima Wild Bird Garden Prefectural Park","2023-04-04",1
"Japan","Tokyo","JP-TK","JP-0014","Chichibu-Tama-Kai National Park","2022-10-29",33
"Japan","Tokyo","JP-TK","JP-0117","Meiji no Mori Takao Quasi-National Park","2022-07-05",25
"Japan","Tokyo","JP-TK","JP-0205","Showa Kinen National Government Park","2023-08-16",20
"Japan","Tokyo","JP-TK","JP-0206","The Tokyo Rinkai Disaster Prevention National Government Park","2023-02-24",3
"Japan","Tokyo","JP-TK","JP-1204","Takiyama Nature Prefectural Nature Park","2022-11-12",16
"Japan","Tokyo","JP-TK","JP-1205","Takao Jinba Prefectural Nature Park","2022-07-05",11
"Japan","Tokyo","JP-TK","JP-1206","Tama Kyuryo Prefectural Nature Park","2022-05-05",199
"Japan","Tokyo","JP-TK","JP-1207","Sayama Nature Prefectural Nature Park","2022-01-29",36
"Japan","Tokyo","JP-TK","JP-1208","Hamura Kusabana Kyuryo Prefectural Nature Park","2022-10-29",17
"Japan","Tokyo","JP-TK","JP-1209","Akigawa Kyuryo Prefectural Nature Park","2022-12-25",7
"Japan","Tokyo","JP-TK","JP-1210","Kyu-Iwasaki-tei Gardens Prefectural Park","2023-04-16",5
"Japan","Tokyo","JP-TK","JP-1211","Kyu Shiba Rikyu Garden Prefectural Park","2023-02-05",6
"Japan","Tokyo","JP-TK","JP-1212","Kyu-Furukawa Gardens Prefectural Park","2023-04-22",5
"Japan","Tokyo","JP-TK","JP-1213","Kiyosumi Gardens Prefectural Park","2023-05-26",2
"Japan","Tokyo","JP-TK","JP-1214","Koishikawa-Korakuen Gardens Prefectural Park","2023-01-13",3
"Japan","Tokyo","JP-TK","JP-1215","Tonogayato Gardens Prefectural Park","2023-03-19",5
"Japan","Tokyo","JP-TK","JP-1216","Hama-rikyu Gardens Prefectural Park","2024-03-27",2
"Japan","Tokyo","JP-TK","JP-1217","Mukojima-Hyakkaen Gardens Prefectural Park","2023-10-01",1
"Japan","Tokyo","JP-TK","JP-1218","Rikugi-en Gardens Prefectural Park","2023-06-25",3
"Japan","Tokyo","JP-TK","JP-1220","Akatsuka Prefectural Park","2022-11-11",2
"Japan","Tokyo","JP-TK","JP-1221","Ueno Prefectural Park","2023-05-13",6
"Japan","Tokyo","JP-TK","JP-1223","Ukima Prefectural Park","2024-04-10",2
"Japan","Tokyo","JP-TK","JP-1224","Oizumi-Chuo Prefectural Park","2022-05-02",25
"Japan","Tokyo","JP-TK","JP-1225","Ojima Komatsugawa Prefectural Park","2023-04-22",2
"Japan","Tokyo","JP-TK","JP-1226","Ogunohara Prefectural Park","2024-04-14",5
"Japan","Tokyo","JP-TK","JP-1228","Kameido Chuo Prefectural Park","2024-04-13",1
"Japan","Tokyo","JP-TK","JP-1229","Kinuta Prefectural Park","2023-03-11",16
"Japan","Tokyo","JP-TK","JP-1231","Komazawa Olympic Prefectural Park","2023-02-18",3
"Japan","Tokyo","JP-TK","JP-1232","Sarue Prefectural Park","2022-10-29",2
"Japan","Tokyo","JP-TK","JP-1234","Shiokaze Prefectural Park","2023-03-19",2
"Japan","Tokyo","JP-TK","JP-1236","Shiba Prefectural Park","2024-04-28",2
"Japan","Tokyo","JP-TK","JP-1237","Shakujii Prefectural Park","2022-05-15",23
"Japan","Tokyo","JP-TK","JP-1238","Johoku-Chuo Prefectural Park","2022-11-16",13
"Japan","Tokyo","JP-TK","JP-1239","Zenpukujigawa Prefectural Park","2023-04-16",3
"Japan","Tokyo","JP-TK","JP-1240","Zenpukuji Prefectural Park","2023-04-02",3
"Japan","Tokyo","JP-TK","JP-1241","Soshigaya Prefectural Park","2023-05-21",2
"Japan","Tokyo","JP-TK","JP-1243","The Tokyo Rinkai Disaster Prevention Prefectural Park","2023-02-18",3
"Japan","Tokyo","JP-TK","JP-1244","Toneri Prefectural Park","2023-05-12",22
"Japan","Tokyo","JP-TK","JP-1245","Toyama Prefectural Park","2023-10-25",3
"Japan","Tokyo","JP-TK","JP-1246","Nakagawa Prefectural Park","2022-12-24",2
"Japan","Tokyo","JP-TK","JP-1247","Higashi Ayase Prefectural Park","2023-12-04",1
"Japan","Tokyo","JP-TK","JP-1248","Higashi Shirahige Prefectural Park","2023-10-25",2
"Japan","Tokyo","JP-TK","JP-1249","Hikarigaoka Prefectural Park","2022-10-29",46
"Japan","Tokyo","JP-TK","JP-1250","Hibiya Prefectural Park","2022-11-10",32
"Japan","Tokyo","JP-TK","JP-1251","Mizumoto Prefectural Park","2022-12-24",3
"Japan","Tokyo","JP-TK","JP-1253","Yumenoshima Prefectural Park","2023-03-19",3
"Japan","Tokyo","JP-TK","JP-1254","Yokoamicho Prefectural Park","2023-01-08",2
"Japan","Tokyo","JP-TK","JP-1255","Yoyogi Prefectural Park","2023-01-15",3
"Japan","Tokyo","JP-TK","JP-1256","Rinshinomori Prefectural Park","2023-04-09",6
"Japan","Tokyo","JP-TK","JP-1257","Roka Koshunen Prefectural Park","2023-03-26",2
"Japan","Tokyo","JP-TK","JP-1258","Wadabori Prefectural Park","2023-06-16",4
"Japan","Tokyo","JP-TK","JP-1259","Akirudai Prefectural Park","2022-05-04",4
"Japan","Tokyo","JP-TK","JP-1260","Inokashira Prefectural Park","2022-11-03",4
"Japan","Tokyo","JP-TK","JP-1261","Oto Prefectural Park","2023-04-02",2
"Japan","Tokyo","JP-TK","JP-1262","Oyamadairi Prefectural Park","2023-02-11",8
"Japan","Tokyo","JP-TK","JP-1263","Oyamada Prefectural Park","2023-03-05",3
"Japan","Tokyo","JP-TK","JP-1264","Koganei Prefectural Park","2022-11-06",38
"Japan","Tokyo","JP-TK","JP-1265","Komiya Prefectural Park","2023-03-12",13
"Japan","Tokyo","JP-TK","JP-1266","Sakuragaoka Prefectural Park","2022-05-05",96
"Japan","Tokyo","JP-TK","JP-1267","Sayama Prefectural Park","2023-01-14",23
"Japan","Tokyo","JP-TK","JP-1268","Sayama Sakai Ryokudo Prefectural Park","2022-03-06",28
"Japan","Tokyo","JP-TK","JP-1269","Sengenyama Prefectural Park","2022-05-05",13
"Japan","Tokyo","JP-TK","JP-1270","Takiyama Prefectural Park","2022-11-12",11
"Japan","Tokyo","JP-TK","JP-1271","Tamagawa Jyosui Ryokudo Prefectural Park","2022-06-11",9
"Japan","Tokyo","JP-TK","JP-1272","Naganuma Prefectural Park","2022-09-16",19
"Japan","Tokyo","JP-TK","JP-1273","Nogawa Prefectural Park","2024-03-04",1
"Japan","Tokyo","JP-TK","JP-1274","Noyamakita Rokudoyama Prefectural Park","2022-10-29",14
"Japan","Tokyo","JP-TK","JP-1275","Hachikokuyama Ryokuchi Prefectural Park","2023-03-15",199
"Japan","Tokyo","JP-TK","JP-1276","Higashifushimi Prefectural Park","2022-02-01",278
"Japan","Tokyo","JP-TK","JP-1277","Higashimurayama Chuo Prefectural Park","2022-03-06",26
"Japan","Tokyo","JP-TK","JP-1278","Higashiyamato Prefectural Park","2023-02-19",9
"Japan","Tokyo","JP-TK","JP-1279","Higashiyamato Minami Prefectural Park","2022-04-16",8
"Japan","Tokyo","JP-TK","JP-1280","Hirayama Joshi Prefectural Park","2022-10-29",68
"Japan","Tokyo","JP-TK","JP-1281","Fuchunomori Prefectural Park","2022-10-10",2
"Japan","Tokyo","JP-TK","JP-1282","Musashi Kokubunji Prefectural Park","2022-09-14",133
"Japan","Tokyo","JP-TK","JP-1283","Musashino Prefectural Park","2022-06-19",6
"Japan","Tokyo","JP-TK","JP-1284","Musashino Chuo Prefectural Park","2022-04-09",270
"Japan","Tokyo","JP-TK","JP-1285","Musashinonomori Prefectural Park","2023-04-02",4
"Japan","Tokyo","JP-TK","JP-1286","Ryonan Prefectural Park","2022-12-26",3
"Japan","Tokyo","JP-TK","JP-1287","Rokusen Prefectural Park","2021-11-06",942
"Japan","Tokyo","JP-TK","JP-1288","Ogamiyama Prefectural Park","2023-11-29",1
"Japan","Tokyo","JP-TK","JP-1792","Odaiba Marine Prefectural Park","2024-05-17",1
"Japan","Tokyo","JP-TK","JP-1793","Symbol Promenade Prefectural Park","2023-08-25",1
"Japan","Tokyo","JP-TK","JP-1794","Aomi-Kita Port Prefectural Park","2023-12-16",1
"Japan","Tokyo","JP-TK","JP-1795","Aomi-Minami Port Prefectural Park","2022-11-06",3
"Japan","Tokyo","JP-TK","JP-1796","Akatsuki Port Prefectural Park","2023-09-09",1
"Japan","Tokyo","JP-TK","JP-1797","Aomi Greenway Prefectural Park","2024-08-24",2
"Japan","Tokyo","JP-TK","JP-1798","Aomi-Chuou Port Prefectural Park","2024-08-24",2
"Japan","Tokyo","JP-TK","JP-1799","Mizu-no-Hiroba Prefectural Park","2023-03-19",1
"Japan","Tokyo","JP-TK","JP-1801","Ariake Kita Greenway Prefectural Park","2023-03-19",1
"Japan","Tokyo","JP-TK","JP-1802","Ariake Tennis Prefectural Park","2024-02-18",3
"Japan","Tokyo","JP-TK","JP-1803","Harumibashi Prefectural Park","2023-04-01",1
"Japan","Tokyo","JP-TK","JP-1804","Higashi Yashio Greenway Prefectural Park","2023-03-19",1
"Japan","Tokyo","JP-TK","JP-1805","Kasai Marine Prefectural Park","2024-04-02",1
"Japan","Tokyo","JP-TK","JP-1806","Tatsumi-no-Mori Seaside Prefectural Park","2023-09-02",2
"Japan","Tokyo","JP-TK","JP-1807","Shin-kiba Prefectural Park","2024-04-06",1
"Japan","Tokyo","JP-TK","JP-1808","Tatsumi Greenway Prefectural Park","2023-04-08",2
"Japan","Tokyo","JP-TK","JP-1809","Yumenoshima Greenway Prefectural Park","2024-01-30",1
"Japan","Tokyo","JP-TK","JP-1810","Shin-kiba Greenway Prefectural Park","2024-04-06",1
"Japan","Tokyo","JP-TK","JP-1811","Wakasu Seaside Prefectural Park","2024-08-28",1
"Japan","Tokyo","JP-TK","JP-1812","Tokyo Port Wild Bird Prefectural Park","2022-11-12",1
"Japan","Tokyo","JP-TK","JP-1814","Jonanjima Seaside Prefectural Park","2024-04-18",1
"Japan","Tokyo","JP-TK","JP-1815","Shinagawa Kita Port Prefectural Park","2024-04-17",1
"Japan","Tokyo","JP-TK","JP-1816","Container Terminal Prefectural Park","2024-04-18",1
"Japan","Tokyo","JP-TK","JP-1817","Jonanjima Port Prefectural Park","2023-12-17",1
"Japan","Tokyo","JP-TK","JP-1819","Minato-ga-oka Port Prefectural Park","2023-07-16",1
"Japan","Tokyo","JP-TK","JP-1821","Keihinjima Tsubasa Prefectural Park","2023-06-04",1
"Japan","Tokyo","JP-TK","JP-1822","Shibaura Minami Port Prefectural Park","2024-04-28",1
"Japan","Tokyo","JP-TK","JP-1825","Tokai Greenway Prefectural Park","2024-04-24",1
"Japan","Tokyo","JP-TK","JP-1826","Jonanjima Greenway Prefectural Park","2024-04-18",1
"Japan","Tokyo","JP-TK","JP-1828","Lake Okutama Hotori Prefectural Park","2023-11-10",2
"Japan","Tokyo","JP-TK","JP-1829","Komine Prefectural Park","2022-12-25",6
"Japan","Tokyo","JP-TK","JP-1831","Takowan Prefectural Park","2023-11-09",1
"Japan","Tokyo","JP-TK","JP-1833","Hachijo Botanical Garden Prefectural Park","2023-12-14",1
"Japan","Tokyo","JP-TK","JP-1927","Jindai Botanical Garden Prefectural Park","2022-06-05",9
"Japan","Tokyo","JP-TK","JP-1928","Nakato Prefectural Park","2023-03-05",1
"Japan","Tokyo","JP-TK","JP-1929","Takaido Prefectural Park","2023-04-01",4
"Japan","Tokyo","JP-TK","JP-1946","Tama Zoological Prefectural Park","2022-11-26",8
"Japan","Tokyo","JP-TK","JP-1947","Hinohara Tokyo Citizens' Forest Prefectural Park","2022-11-11",2
"Japan","Tokyo","JP-TK","JP-1948","Okutama Tokyo Citizens' Forest Prefectural Park","2023-04-22",4
"Japan","Tokyo","JP-TK","JP-2038","Imperial Palace Outer Garden National Government Park","2023-03-25",15
"Japan","Tokyo","JP-TK","JP-2040","Shinjuku Gyoen National Government Park","2024-02-24",1
"Japan","Tokyo","JP-TK","JP-2068","Ariake Shinsui Seaside Prefectural Park","2023-03-25",8
"Japan","Tokyo","JP-TK","JP-2069","Harumi Greenway Prefectural Park","2023-04-09",2
"Japan","Tokyo","JP-TK","JP-2070","Harumi Port Prefectural Park","2023-04-04",13
"Japan","Tokyo","JP-TK","JP-2074","Nerima-joshi Prefectural Park","2023-09-27",22
"Japan","Tokyo","JP-TK","JP-2075","Umi-no-Mori Prefectural Park","2023-09-28",6
"Japan","Tottori","JP-TT","JP-1583","Nishi Inaba Prefectural Nature Park","2023-10-04",1
"Japan","Tottori","JP-TT","JP-2013","Forest Park Tottori Deainomori Prefectural Park","2023-10-04",1
"Japan","Toyama","JP-TY","JP-0017","Chubusangaku National Park","2024-06-02",1
"Japan","Toyama","JP-TY","JP-1373","Iozen Prefectural Nature Park","2023-06-04",2
"Japan","Toyama","JP-TY","JP-1375","Toyama Athletic Recreation Prefectural Park","2022-11-28",1
"Japan","Toyama","JP-TY","JP-1378","Joganjigawa Prefectural Park","2022-11-28",1
"Japan","Toyama","JP-TY","JP-1382","Taikoyama Land Prefectural Park","2022-11-28",1
"Japan","Toyama","JP-TY","JP-2056","Toyama Nature Museum Prefectural Park","2023-06-05",1
"Japan","Toyama","JP-TY","JP-2057","Yatyou no sono Prefectural Park","2023-04-30",2
"Japan","Toyama","JP-TY","JP-2058","Ranjyou no mori Prefectural Park","2023-10-12",1
"Japan","Toyama","JP-TY","JP-2063","Rinkai Bird Prefectural Park","2023-04-30",1
"Japan","Toyama","JP-TY","JP-2065","lumberyard Ryokuchi Prefectural Park","2023-04-30",1
"Japan","Toyama","JP-TY","JP-2066","Kaikou monument Ryokuchi Prefectural Park","2023-04-30",1
"Japan","Wakayama","JP-WK","JP-0139","Koya-Ryujin Quasi-National Park","2024-05-04",1
"Japan","Wakayama","JP-WK","JP-1569","Oishi Kogen Prefectural Nature Park","2024-05-04",1
"Japan","Wakayama","JP-WK","JP-1577","Kozagawa Prefectural Nature Park","2024-06-14",1
"Japan","Wakayama","JP-WK","JP-1987","Wakayama Prefecture Botanical Park Ryokka Center Prefectural Park","2023-04-23",1
"Japan","Yamagata","JP-YT","JP-0009","Bandai-Asahi National Park","2022-12-10",2
"Japan","Yamagata","JP-YT","JP-0109","Kurikoma Quasi-National Park","2023-04-30",1
"Japan","Yamagata","JP-YT","JP-0110","Zao Quasi-National Park","2022-11-20",11
"Japan","Yamagata","JP-YT","JP-1070","Shonai Kaihin Prefectural Nature Park","2022-12-10",1
"Japan","Yamagata","JP-YT","JP-1071","Goshozan Prefectural Nature Park","2022-11-19",2
"Japan","Yamagata","JP-YT","JP-1072","Kennan Prefectural Nature Park","2022-11-27",3
"Japan","Yamagata","JP-YT","JP-1074","Tendo Kogen Prefectural Nature Park","2022-11-27",6
"Japan","Yamagata","JP-YT","JP-1076","Yamagata Prefectural General Sports Prefectural Park","2022-11-12",3
"Japan","Yamagata","JP-YT","JP-1077","Nishizao Prefectural Park","2023-03-15",2
"Japan","Yamagata","JP-YT","JP-1078","Yumiharidaira Prefectural Park","2022-12-03",1
"Japan","Yamagata","JP-YT","JP-1079","Nakayama Prefectural Park","2023-06-25",1
"Japan","Yamagata","JP-YT","JP-1081","Mogami Central Prefectural Park","2023-04-16",1
"Japan","Yamagata","JP-YT","JP-1083","Kenko no Mori Prefectural Park","2022-11-12",4
"Japan","Yamagata","JP-YT","JP-1086","Kenmin Ryokuchi Prefectural Park","2022-12-31",2
"Japan","Yamagata","JP-YT","JP-1863","Choukai-no-mori Prefectural Park","2022-11-03",1
"Japan","Yamaguchi","JP-YC","JP-0023","Setonaikai National Park","2022-11-25",20
"Japan","Yamaguchi","JP-YC","JP-0143","Akiyoshidai Quasi-National Park","2022-12-21",5
"Japan","Yamaguchi","JP-YC","JP-1626","Chomonkyo Prefectural Nature Park","2024-06-26",3
"Japan","Yamanashi","JP-YN","JP-1326","Shibireko Prefectural Nature Park","2022-11-19",2
"Japan","Yamanashi","JP-YN","JP-1327","Minami Alps Koma Prefectural Nature Park","2023-05-27",3
"Japan","Yamanashi","JP-YN","JP-1328","Kose Sports Prefectural Park","2022-11-19",1
"Japan","Yamanashi","JP-YN","JP-1330","Sone Kyuryo Prefectural Park","2024-05-19",1
"Japan","Yamanashi","JP-YN","JP-1331","Midai Minami Prefectural Park","2024-02-24",1
"Japan","Yamanashi","JP-YN","JP-1333","Fujikawa Craft Prefectural Park","2022-11-19",2
"Japan","Yamanashi","JP-YN","JP-1334","Fujihokuroku Prefectural Park","2023-03-21",1
"Japan","Yamanashi","JP-YN","JP-1906","Fuefukigawa Fruit Prefectural Park","2022-12-03",3
"Japan","Yamanashi","JP-YN","JP-1907","Midorigaoka Sports Prefectural Park","2022-12-03",2
"Japan","Yamanashi","JP-YN","JP-1908","Kamanashigawa Sports Prefectural Park","2024-02-25",1
"Japan","Yamanashi","JP-YN","JP-1910","Maizuru Castle Prefectural Park","2022-12-03",1
"Japan","Yamanashi","JP-YN","JP-1913","Midai Prefectural Park","2023-11-19",1
"Japan","Yamanashi","JP-YN","JP-1914","Kanegawano mori Provincial Forest Prefectural Park","2023-04-19",1
"Japan","Yamanashi","JP-YN","JP-1915","Katsuragawa Wellness Prefectural Park","2023-02-23",2
"Japan","Yamanashi","JP-YN","JP-1916","Yamanashi Prefectural Makiba Prefectural Park","2024-04-13",2
"New Zealand","Auckland","NZ-AUK","NZ-0003","Auckland Botanic Regional Park","2023-11-12",1
"Ogasawara","Ogasawara","JP-OG","JP-0015","Ogasawara National Park","2023-11-21",3
"Republic of Korea","Daegu","KR-TG","KR-0979","야시골공원	Yasigol Neighborhood Provincial Park","2023-12-19",1
"Republic of Korea","Gyeonggi","KR-KG","KR-1108","평촌중앙공원	Pyeongchon Central Neighborhood Provincial Park","2023-10-25",1
"Republic of Korea","Ulsan","KR-UL","KR-1103","태화근린공원	Taehwa Neighborhood Provincial Park","2024-06-26",1
"Thailand","Rayong","TH-RY","TH-0028","Khao Chamao Khao Wong National Park","2023-04-16",1